User Name,Title,Comment
Leanne Graham,sunt aut facere repellat provident occaecati excepturi optio reprehenderit,"exercitationem et id quae cum omnis
voluptatibus accusantium et quidem
ut ipsam sint
doloremque illo ex atque necessitatibus sed"
Leanne Graham,qui est esse,"occaecati laudantium ratione non cumque
earum quod non enim soluta nisi velit similique voluptatibus
esse laudantium consequatur voluptatem rem eaque voluptatem aut ut
et sit quam"
Leanne Graham,ea molestias quasi exercitationem repellat qui ipsa sit aut,"illum et alias quidem magni voluptatum
ab soluta ea qui saepe corrupti hic et
cum repellat esse
est sint vel veritatis officia consequuntur cum"
Leanne Graham,eum et est occaecati,"id est iure occaecati quam similique enim
ab repudiandae non
illum expedita quam excepturi soluta qui placeat
perspiciatis optio maiores non doloremque aut iusto sapiente"
Leanne Graham,nesciunt quas odio,"eum accusamus aut delectus
architecto blanditiis quia sunt
rerum harum sit quos quia aspernatur vel corrupti inventore
animi dicta vel corporis"
Leanne Graham,dolorem eum magni eos aperiam quia,
Leanne Graham,magnam facilis autem,
Leanne Graham,dolorem dolore est ipsam,
Leanne Graham,nesciunt iure omnis dolorem tempora et accusantium,
Leanne Graham,optio molestias id quia eum,
Ervin Howell,et ea vero quia laudantium autem,"eum itaque quam
laboriosam sequi ullam quos nobis
omnis dignissimos nam dolores
facere id suscipit aliquid culpa rerum quis"
Ervin Howell,in quibusdam tempore odit est dolorem,"est ducimus voluptate saepe iusto repudiandae recusandae et
sint fugit voluptas eum itaque
odit ab eos voluptas molestiae necessitatibus earum possimus voluptatem
quibusdam aut illo beatae qui delectus aut officia veritatis"
Ervin Howell,dolorum ut in voluptas mollitia et saepe quo animi,"ex et expedita cum voluptatem
voluptatem ab expedita quis nihil
esse quo nihil perferendis dolores velit ut culpa aut
dolor maxime necessitatibus voluptatem"
Ervin Howell,voluptatem eligendi optio,"aut quam consequatur sit et
repellat maiores laborum similique voluptatem necessitatibus nihil
et debitis nemo occaecati cupiditate
modi dolorum quia aut"
Ervin Howell,eveniet quod temporibus,"architecto dolorem ab explicabo et provident et
et eos illo omnis mollitia ex aliquam
atque ut ipsum nulla nihil
quis voluptas aut debitis facilis"
Ervin Howell,sint suscipit perspiciatis velit dolorum rerum ipsa laboriosam odio,
Ervin Howell,fugit voluptas sed molestias voluptatem provident,
Ervin Howell,voluptate et itaque vero tempora molestiae,
Ervin Howell,adipisci placeat illum aut reiciendis qui,
Ervin Howell,doloribus ad provident suscipit at,
Clementine Bauch,asperiores ea ipsam voluptatibus modi minima quia sint,"possimus necessitatibus quis
et dicta omnis voluptatem ea est
suscipit eum soluta in quia corrupti hic iusto
consequatur est aut qui earum nisi officiis sed culpa"
Clementine Bauch,dolor sint quo a velit explicabo quia nam,"nihil aspernatur consequatur voluptatem facere sed fugiat ullam
beatae accusamus et fuga maxime vero
omnis necessitatibus quisquam ipsum consectetur incidunt repellat voluptas
error quo et ab magnam quisquam"
Clementine Bauch,maxime id vitae nihil numquam,"nemo corporis quidem eius aut dolores
itaque rerum quo occaecati mollitia incidunt
autem est saepe nulla nobis a id
dolore facilis placeat molestias in fugiat aliquam excepturi"
Clementine Bauch,autem hic labore sunt dolores incidunt,"veniam est distinctio
nihil quia eos sed
distinctio hic ut sint ducimus debitis dolorem voluptatum assumenda
eveniet ea perspiciatis"
Clementine Bauch,rem alias distinctio quo quis,"est non atque eligendi aspernatur quidem earum mollitia
minima neque nam exercitationem provident eum
maxime quo et ut illum sequi aut fuga repudiandae
sapiente sed ea distinctio molestias illum consequatur libero quidem"
Clementine Bauch,est et quae odit qui non,
Clementine Bauch,quasi id et eos tenetur aut quo autem,
Clementine Bauch,delectus ullam et corporis nulla voluptas sequi,
Clementine Bauch,iusto eius quod necessitatibus culpa ea,
Clementine Bauch,a quo magni similique perferendis,
Patricia Lebsack,ullam ut quidem id aut vel consequuntur,"eum laborum quidem omnis facere harum ducimus dolores quaerat
corporis quidem aliquid
quod aut aut at dolorum aspernatur reiciendis
exercitationem quasi consectetur asperiores vero blanditiis dolor"
Patricia Lebsack,doloremque illum aliquid sunt,"fugit ut laborum provident
quos provident voluptatibus quam non
sed accusantium explicabo dolore quia distinctio voluptatibus et
consequatur eos qui iure minus eaque praesentium"
Patricia Lebsack,qui explicabo molestiae dolorem,"est veritatis mollitia atque quas et sint et dolor
et ut beatae aut
magni corporis dolores voluptatibus optio molestiae enim minus est
reiciendis facere voluptate rem officia doloribus ut"
Patricia Lebsack,magnam ut rerum iure,"veniam eos ab voluptatem in fugiat ipsam quis
officiis non qui
quia ut id voluptates et a molestiae commodi quam
dolorem enim soluta impedit autem nulla"
Patricia Lebsack,id nihil consequatur molestias animi provident,"facere maxime alias aspernatur ab quibusdam necessitatibus
ratione similique error enim
sed minus et
et provident minima voluptatibus"
Patricia Lebsack,fuga nam accusamus voluptas reiciendis itaque,
Patricia Lebsack,provident vel ut sit ratione est,
Patricia Lebsack,explicabo et eos deleniti nostrum ab id repellendus,
Patricia Lebsack,eos dolorem iste accusantium est eaque quam,
Patricia Lebsack,enim quo cumque,
Chelsey Dietrich,non est facere,"quia est sed eos animi optio dolorum
consequatur reiciendis exercitationem ipsum nihil omnis
beatae sed corporis enim quisquam
et blanditiis qui nihil"
Chelsey Dietrich,commodi ullam sint et excepturi error explicabo praesentium voluptas,"explicabo nam nihil atque sint aut
qui qui rerum excepturi soluta quis et
et mollitia et voluptate minima nihil
sed quaerat dolor earum tempore et non est voluptatem"
Chelsey Dietrich,eligendi iste nostrum consequuntur adipisci praesentium sit beatae perferendis,"assumenda aut quis repellendus
nihil impedit cupiditate nemo
sit sequi laudantium aut voluptas nam dolore magnam
minima aspernatur vero sapiente"
Chelsey Dietrich,optio dolor molestias sit,"non repudiandae dicta et commodi
sint dolores facere eos nesciunt autem quia
placeat quaerat non culpa quasi dolores voluptas
dolorum placeat non atque libero odit autem sunt"
Chelsey Dietrich,ut numquam possimus omnis eius suscipit laudantium iure,"doloremque quae ratione cumque
excepturi eligendi delectus maiores necessitatibus veniam
fugiat exercitationem consectetur vel earum
quia illo explicabo molestiae enim rem deserunt et omnis"
Chelsey Dietrich,aut quo modi neque nostrum ducimus,
Chelsey Dietrich,quibusdam cumque rem aut deserunt,
Chelsey Dietrich,ut voluptatem illum ea doloribus itaque eos,
Chelsey Dietrich,laborum non sunt aut ut assumenda perspiciatis voluptas,
Chelsey Dietrich,repellendus qui recusandae incidunt voluptates tenetur qui omnis exercitationem,
Mrs. Dennis Schulist,soluta aliquam aperiam consequatur illo quis voluptas,"quasi dolorem veniam dignissimos
atque voluptas iure et quidem fugit velit et
quod magnam illum quia et ea est modi
aut quis dolores"
Mrs. Dennis Schulist,qui enim et consequuntur quia animi quis voluptate quibusdam,"eos exercitationem est ut voluptas accusamus qui
velit rerum ut
dolorem eaque omnis eligendi mollitia
atque ea architecto dolorum delectus accusamus"
Mrs. Dennis Schulist,ut quo aut ducimus alias,"molestiae accusantium a tempore occaecati qui sunt optio eos
exercitationem quas eius voluptatem
omnis quibusdam autem
molestiae odio dolor quam laboriosam mollitia in quibusdam sunt"
Mrs. Dennis Schulist,sit asperiores ipsam eveniet odio non quia,"voluptatem omnis pariatur aut saepe enim qui
aut illo aut sed aperiam expedita debitis
tempore animi dolorem
ut libero et eos unde ex"
Mrs. Dennis Schulist,sit vel voluptatem et non libero,"dolorem fugit quidem animi quas quisquam reprehenderit
occaecati et dolor laborum nemo sed quas unde deleniti
facere eligendi placeat aliquid aspernatur commodi sunt impedit
neque corrupti alias molestiae magni tempora"
Mrs. Dennis Schulist,qui et at rerum necessitatibus,
Mrs. Dennis Schulist,sed ab est est,
Mrs. Dennis Schulist,voluptatum itaque dolores nisi et quasi,
Mrs. Dennis Schulist,qui commodi dolor at maiores et quis id accusantium,
Mrs. Dennis Schulist,consequatur placeat omnis quisquam quia reprehenderit fugit veritatis facere,
Kurtis Weissnat,voluptatem doloribus consectetur est ut ducimus,"quas non magnam
quia veritatis assumenda reiciendis
similique dolores est ab
praesentium fuga ut"
Kurtis Weissnat,beatae enim quia vel,"consectetur illo corporis sit labore optio quod
qui occaecati aut sequi quia
officiis quia aut odio quo ad
rerum tenetur aut quasi veniam"
Kurtis Weissnat,voluptas blanditiis repellendus animi ducimus error sapiente et suscipit,"perferendis dignissimos soluta ut provident sit et
delectus ratione ad sapiente qui excepturi error qui quo
quo illo commodi
rerum maxime voluptas voluptatem"
Kurtis Weissnat,et fugit quas eum in in aperiam quod,"dicta impedit non
et laborum laudantium qui eaque et beatae suscipit
sequi magnam rem dolorem non quia vel adipisci
corrupti officiis laudantium impedit"
Kurtis Weissnat,consequatur id enim sunt et et,"eaque rerum tempore distinctio
consequatur fugiat veniam et incidunt ut ut et
consequatur blanditiis magnam
doloremque voluptate ut architecto facere in dolorem et aut"
Kurtis Weissnat,repudiandae ea animi iusto,
Kurtis Weissnat,aliquid eos sed fuga est maxime repellendus,
Kurtis Weissnat,odio quis facere architecto reiciendis optio,
Kurtis Weissnat,fugiat quod pariatur odit minima,
Kurtis Weissnat,voluptatem laborum magni,
Nicholas Runolfsdottir V,et iusto veniam et illum aut fuga,"perferendis veritatis saepe voluptatem
eum voluptas quis
sed occaecati nostrum
fugit animi omnis ratione molestias"
Nicholas Runolfsdottir V,sint hic doloribus consequatur eos non id,"ut nisi sunt perspiciatis qui doloribus quas
velit molestiae atque corrupti corporis voluptatem
vel ratione aperiam tempore est eos
quia a voluptas"
Nicholas Runolfsdottir V,consequuntur deleniti eos quia temporibus ab aliquid at,"libero atque accusamus blanditiis minima eveniet corporis est aliquid
dolores asperiores neque quibusdam quaerat error esse non
qui et adipisci
magni illo hic qui qui dignissimos earum"
Nicholas Runolfsdottir V,enim unde ratione doloribus quas enim ut sit sapiente,"corrupti ut et eveniet culpa
veritatis eos sequi fugiat commodi consequuntur
ipsa totam voluptatem perferendis ducimus aut exercitationem magni
eos mollitia quia"
Nicholas Runolfsdottir V,dignissimos eum dolor ut enim et delectus in,"natus iure velit impedit sed officiis sint
molestiae non beatae
illo consequatur minima
sed ratione est tenetur"
Nicholas Runolfsdottir V,doloremque officiis ad et non perferendis,
Nicholas Runolfsdottir V,necessitatibus quasi exercitationem odio,
Nicholas Runolfsdottir V,quam voluptatibus rerum veritatis,
Nicholas Runolfsdottir V,pariatur consequatur quia magnam autem omnis non amet,
Nicholas Runolfsdottir V,labore in ex et explicabo corporis aut quas,
Glenna Reichert,tempora rem veritatis voluptas quo dolores vero,"cum fugit earum vel et nulla et voluptatem
et ipsam aut
et nihil officia nemo eveniet accusamus
nulla aut impedit veritatis praesentium"
Glenna Reichert,laudantium voluptate suscipit sunt enim enim,"rerum omnis voluptatem harum aliquid voluptas accusamus
eius dicta animi
odio non quidem voluptas tenetur
nostrum deserunt laudantium culpa dolorum"
Glenna Reichert,odit et voluptates doloribus alias odio et,"odio maxime beatae ab labore rerum
alias ipsa nam est nostrum
et debitis aut
ab molestias assumenda eaque repudiandae"
Glenna Reichert,optio ipsam molestias necessitatibus occaecati facilis veritatis dolores aut,"dolor at accusantium eveniet
in voluptatem quam et fugiat et quasi dolores
sunt eligendi voluptatum id voluptas vitae
quibusdam iure eum perspiciatis"
Glenna Reichert,dolore veritatis porro provident adipisci blanditiis et sunt,"et provident quo necessitatibus harum excepturi
sed est ut sed est doloremque labore quod
quia optio explicabo adipisci magnam doloribus
veritatis illo aut est inventore"
Glenna Reichert,placeat quia et porro iste,
Glenna Reichert,nostrum quis quasi placeat,
Glenna Reichert,sapiente omnis fugit eos,
Glenna Reichert,sint soluta et vel magnam aut ut sed qui,
Glenna Reichert,ad iusto omnis odit dolor voluptatibus,
Clementina DuBuque,aut amet sed,"neque unde voluptatem iure
odio excepturi ipsam ad id
ipsa sed expedita error quam
voluptatem tempora necessitatibus suscipit culpa veniam porro iste vel"
Clementina DuBuque,ratione ex tenetur perferendis,"non dolor consequatur
laboriosam ut deserunt autem odit
libero dolore non nesciunt qui
aut est consequatur quo dolorem"
Clementina DuBuque,beatae soluta recusandae,"aliquam pariatur suscipit fugiat eos sunt
optio voluptatem eveniet rerum dignissimos
quia aut beatae
modi consequatur qui rerum sint veritatis deserunt est"
Clementina DuBuque,qui qui voluptates illo iste minima,"et necessitatibus tempora ipsum quaerat inventore est quasi quidem
ea repudiandae laborum omnis ab reprehenderit ut
ratione sit numquam culpa a rem
atque aut et"
Clementina DuBuque,id minus libero illum nam ad officiis,"perspiciatis quis doloremque
veniam nisi eos velit sed
id totam inventore voluptatem laborum et eveniet
aut aut aut maxime quia temporibus ut omnis"
Clementina DuBuque,quaerat velit veniam amet cupiditate aut numquam ut sequi,
Clementina DuBuque,quas fugiat ut perspiciatis vero provident,
Clementina DuBuque,laboriosam dolor voluptates,
Clementina DuBuque,temporibus sit alias delectus eligendi possimus magni,
Clementina DuBuque,at nam consequatur ea labore ea harum,
